{"cutoff": 6.1104489231575405, "delta2b": 11.112350598173125, "delta": 0.8938947619284, "n_sparse": 1500.0, "n_sparse2b": 25.0, "lmax": 4.0, "nmax": 9.0, "MAE": 0.458909397734845}